precision,recall,f1-score,support
0.9836575875486381,0.9821289821289821,0.9828926905132193,2574.0
0.8435374149659864,0.8551724137931035,0.8493150684931507,290.0
0.9692737430167597,0.9692737430167597,0.9692737430167597,0.9692737430167597
0.9135975012573123,0.9186506979610428,0.9161038795031851,2864.0
0.9694694415818192,0.9692737430167597,0.9693670234790643,2864.0
