precision,recall,f1-score,support
0.984472049689441,0.9852369852369852,0.9848543689320388,2574.0
0.8680555555555556,0.8620689655172413,0.8650519031141869,290.0
0.9727653631284916,0.9727653631284916,0.9727653631284916,0.9727653631284916
0.9262638026224983,0.9236529753771132,0.9249531360231129,2864.0
0.9726840666940406,0.9727653631284916,0.9727235326585831,2864.0
