precision,recall,f1-score,support
0.9864541832669322,0.9619269619269619,0.9740361919748229,2574.0
0.7231638418079096,0.8827586206896552,0.7950310559006211,290.0
0.9539106145251397,0.9539106145251397,0.9539106145251397,0.9539106145251397
0.8548090125374209,0.9223427913083085,0.884533623937722,2864.0
0.9597941975745032,0.9539106145251397,0.9559106719114435,2864.0
