precision,recall,f1-score,support
0.9870340356564019,0.9463869463869464,0.9662832209440698,2574.0
0.6515151515151515,0.8896551724137931,0.7521865889212827,290.0
0.9406424581005587,0.9406424581005587,0.9406424581005587,0.9406424581005587
0.8192745935857767,0.9180210594003697,0.8592349049326762,2864.0
0.9530604056281328,0.9406424581005587,0.9446044418635502,2864.0
