precision,recall,f1-score,support
0.9867972742759795,0.9001554001554002,0.9414872003250712,2574.0
0.501937984496124,0.8931034482758621,0.6426799007444168,290.0
0.8994413407821229,0.8994413407821229,0.8994413407821229,0.8994413407821229
0.7443676293860517,0.8966294242156312,0.792083550534744,2864.0
0.937701885296874,0.8994413407821229,0.9112308745993765,2864.0
