precision,recall,f1-score,support
0.9781591263650546,0.9743589743589743,0.9762553522771505,2574.0
0.78,0.8068965517241379,0.7932203389830509,290.0
0.9574022346368715,0.9574022346368715,0.9574022346368715,0.9574022346368715
0.8790795631825273,0.8906277630415561,0.8847378456301007,2864.0
0.9580941310278109,0.9574022346368715,0.9577217790036557,2864.0
