precision,recall,f1-score,support
0.9362726935902186,0.9817404817404818,0.9584676654655794,2574.0
0.7151515151515152,0.4068965517241379,0.5186813186813186,290.0
0.9235335195530726,0.9235335195530726,0.9235335195530726,0.9235335195530726
0.8257121043708668,0.6943185167323098,0.7385744920734489,2864.0
0.9138826301309925,0.9235335195530726,0.9139362267199663,2864.0
