precision,recall,f1-score,support
0.9774557165861514,0.9432789432789432,0.9600632661130882,2574.0
0.6157894736842106,0.8068965517241379,0.6985074626865672,290.0
0.9294692737430168,0.9294692737430168,0.9294692737430168,0.9294692737430168
0.796622595135181,0.8750877475015406,0.8292853643998277,2864.0
0.940834483890075,0.9294692737430168,0.9335789145091458,2864.0
